{
  "version": 2,
  "builds": [
    {
      "src": "server.js",
      "use": "@vercel/node"
    },
    {
      "src": "*.html",
      "use": "@vercel/static"
    },
    {
      "src": "*.css",
      "use": "@vercel/static"
    },
    {
      "src": "*.js",
      "use": "@vercel/static"
    }
  ],
  "routes": [
    {
      "src": "/api/(.*)",
      "dest": "server.js"
    },
    {
      "src": "/(index\\.html|about\\.html|disclaimer\\.html|dmca\\.html|privacy\\.html)",
      "dest": "/$1"
    },
    {
      "src": "/style\\.css",
      "dest": "/style.css"
    },
    {
      "src": "/app\\.js",
      "dest": "/app.js"
    },
    {
      "src": "/(.*)",
      "dest": "server.js"
    }
  ]
}
