{
  "version": 2,
  "builds": [
    {
      "src": "server.js",
      "use": "@vercel/node"
    },
    {
      "src": "public/**",
      "use": "@vercel/static"
    }
  ],
  "rewrites": [
    {
      "source": "/api/(.*)",
      "destination": "/server.js"
    },
    {
      "source": "/css/(.*)",
      "destination": "/public/css/$1"
    },
    {
      "source": "/js/(.*)",
      "destination": "/public/js/$1"
    },
    {
      "source": "/pages/(.*)",
      "destination": "/public/pages/$1"
    },
    {
      "source": "/(.*)",
      "destination": "/public/index.html"
    }
  ]
}
